n_requests,sigma,policy,eps,n_variables,n_bundles_in,n_selected,param_utility,e_utility,reliability_gap,served_ratio,sla_violation_prob,e_delivered_fidelity,exact_time_s,gap_vs_exact
6,0.03,hard,0.0,13,13,4,104.02730399064971,149.27297677417977,-45.245672783530054,0.7625,0.01639344262295082,0.7312335006814947,0.001881894000689499,nan
6,0.03,chance,0.05,10,10,3,103.4692676483163,144.96232659375215,-41.49305894543585,0.925,0.0,0.7477188041362007,0.0014471790000243345,nan
6,0.03,chance,0.1,11,11,4,104.02730399064971,149.27297677417977,-45.245672783530054,0.7625,0.01639344262295082,0.7312335006814947,0.0012000229999102885,nan
6,0.03,chance,0.2,13,13,4,104.02730399064971,149.27297677417977,-45.245672783530054,0.7625,0.01639344262295082,0.7312335006814947,0.0018480569997336715,nan
6,0.03,chance,0.35,13,13,4,104.02730399064971,149.27297677417977,-45.245672783530054,0.7625,0.01639344262295082,0.7312335006814947,0.0012138450001657475,nan
6,0.03,chance,0.5,13,13,4,104.02730399064971,149.27297677417977,-45.245672783530054,0.7625,0.01639344262295082,0.7312335006814947,0.0017299219998676563,nan
6,0.03,chance,0.65,13,13,4,104.02730399064971,149.27297677417977,-45.245672783530054,0.7625,0.01639344262295082,0.7312335006814947,0.0012035939998895628,nan
6,0.03,chance,0.8,13,13,4,104.02730399064971,149.27297677417977,-45.245672783530054,0.7625,0.01639344262295082,0.7312335006814947,0.0014292450014181668,nan
6,0.03,nominal,1.0,18,18,6,128.7100542303082,206.4430460225317,-77.73299179222346,0.8541666666666666,0.43414634146341463,0.6395022649672245,0.001409086999046849,nan
6,0.03,chance_qubo,0.2,13,13,2,93.18145995075177,127.88295834584218,-34.70149839509041,0.9625,0.0,0.7924224213572928,0.0013654229987878352,0.10425958977916795
6,0.03,hard,0.0,17,17,6,162.7358888897135,318.6454444126026,-155.90955552288912,0.8416666666666667,0.13861386138613863,0.628424956180593,0.001230772000781144,nan
6,0.03,chance,0.05,14,14,5,95.5943346335777,215.16395824902003,-119.56962361544232,0.74,0.0,0.6632684108519038,0.0012464139999792678,nan
6,0.03,chance,0.1,15,15,5,126.58560454510551,227.94971692743349,-101.36411238232797,0.775,0.04516129032258064,0.6536682447314851,0.0012504589994932758,nan
6,0.03,chance,0.2,16,16,5,126.58560454510551,227.94971692743349,-101.36411238232797,0.775,0.04516129032258064,0.6536682447314851,0.0017202049984916812,nan
6,0.03,chance,0.35,17,17,6,162.7358888897135,318.6454444126026,-155.90955552288912,0.8416666666666667,0.13861386138613863,0.628424956180593,0.0013459000001603272,nan
6,0.03,chance,0.5,17,17,6,162.7358888897135,318.6454444126026,-155.90955552288912,0.8416666666666667,0.13861386138613863,0.628424956180593,0.0012650259996007662,nan
6,0.03,chance,0.65,17,17,6,162.7358888897135,318.6454444126026,-155.90955552288912,0.8416666666666667,0.13861386138613863,0.628424956180593,0.0018380970013822662,nan
6,0.03,chance,0.8,17,17,6,162.7358888897135,318.6454444126026,-155.90955552288912,0.8416666666666667,0.13861386138613863,0.628424956180593,0.0018125189999409486,nan
6,0.03,nominal,1.0,18,18,6,178.62884428034653,326.28870241645103,-147.6598581361045,0.8833333333333333,0.2358490566037736,0.620369698646045,0.0018433670011290815,nan
6,0.03,chance_qubo,0.2,16,16,3,51.29873786548895,108.08002455576704,-56.78128669027809,0.5166666666666667,0.08064516129032258,0.6713914731055626,0.0019128109997836873,0.5947506191574101
6,0.03,hard,0.0,13,13,4,26.317120184613742,78.6400405752652,-52.32292039065146,0.6,0.19791666666666666,0.6264004795073802,0.0016290129988192348,nan
6,0.03,chance,0.05,8,8,2,8.659004893671504,14.675636287234784,-6.01663139356328,0.5875,0.0,0.7035864330134488,0.0011430650010879617,nan
6,0.03,chance,0.1,9,9,2,16.99519164161562,31.129701793353387,-14.134510151737768,0.9,0.041666666666666664,0.6416046175651468,0.0011794780002674088,nan
6,0.03,chance,0.2,10,10,2,16.99519164161562,31.129701793353387,-14.134510151737768,0.9,0.041666666666666664,0.6416046175651468,0.0018670219997147797,nan
6,0.03,chance,0.35,11,11,2,16.99519164161562,31.129701793353387,-14.134510151737768,0.9,0.041666666666666664,0.6416046175651468,0.001737803999276366,nan
6,0.03,chance,0.5,13,13,4,26.317120184613742,78.6400405752652,-52.32292039065146,0.6,0.19791666666666666,0.6264004795073802,0.0019078080003964715,nan
6,0.03,chance,0.65,13,13,4,26.317120184613742,78.6400405752652,-52.32292039065146,0.6,0.19791666666666666,0.6264004795073802,0.0019579159998102114,nan
6,0.03,chance,0.8,13,13,4,26.317120184613742,78.6400405752652,-52.32292039065146,0.6,0.19791666666666666,0.6264004795073802,0.0019002459994226228,nan
6,0.03,nominal,1.0,18,18,6,111.42358305260912,252.34715175138663,-140.9235686987775,0.8625,0.642512077294686,0.5564694952241526,0.0023105420004867483,nan
6,0.03,chance_qubo,0.2,10,10,1,1.1676026609644028,5.387506596885408,-4.219903935921005,0.35,0.0,0.6354406939496798,0.00122575999921537,0.9312980585576142
6,0.05,hard,0.0,13,13,4,104.02730399064971,149.27297677417977,-45.245672783530054,0.7625,0.03278688524590164,0.7341787269035429,0.001195965998704196,nan
6,0.05,chance,0.05,10,10,3,103.4692676483163,144.96232659375215,-41.49305894543585,0.925,0.0,0.7515074633184818,0.0013522449989977758,nan
6,0.05,chance,0.1,10,10,3,103.4692676483163,144.96232659375215,-41.49305894543585,0.925,0.0,0.7515074633184818,0.0012160469996160828,nan
6,0.05,chance,0.2,11,11,4,104.02730399064971,149.27297677417977,-45.245672783530054,0.7625,0.03278688524590164,0.7341787269035429,0.001325146999079152,nan
6,0.05,chance,0.35,13,13,4,104.02730399064971,149.27297677417977,-45.245672783530054,0.7625,0.03278688524590164,0.7341787269035429,0.0015431299998454051,nan
6,0.05,chance,0.5,13,13,4,104.02730399064971,149.27297677417977,-45.245672783530054,0.7625,0.03278688524590164,0.7341787269035429,0.0014869340011500753,nan
6,0.05,chance,0.65,13,13,4,104.02730399064971,149.27297677417977,-45.245672783530054,0.7625,0.03278688524590164,0.7341787269035429,0.0017882629999803612,nan
6,0.05,chance,0.8,14,14,4,115.2232174591817,178.32886000353537,-63.10564254435367,0.9125,0.18493150684931506,0.6870742226340208,0.0012437179993867176,nan
6,0.05,nominal,1.0,18,18,6,128.7100542303082,206.4430460225317,-77.73299179222346,0.8541666666666666,0.4146341463414634,0.6401749470310041,0.0012687999987974763,nan
6,0.05,chance_qubo,0.2,11,11,2,93.18145995075177,127.88295834584218,-34.70149839509041,0.9625,0.0,0.7928620829221357,0.0012491220004449133,0.10425958977916795
6,0.05,hard,0.0,17,17,6,162.7358888897135,318.6454444126026,-155.90955552288912,0.8416666666666667,0.19306930693069307,0.626171490504118,0.001414258998920559,nan
6,0.05,chance,0.05,13,13,5,77.79022043000006,213.5539638346217,-135.76374340462164,0.705,0.014184397163120567,0.6740331458101343,0.0014971999989938922,nan
6,0.05,chance,0.1,14,14,5,95.5943346335777,215.16395824902003,-119.56962361544232,0.74,0.02702702702702703,0.6631242328939745,0.0017778149995137937,nan
6,0.05,chance,0.2,14,14,5,95.5943346335777,215.16395824902003,-119.56962361544232,0.74,0.02702702702702703,0.6631242328939745,0.0012471689988160506,nan
6,0.05,chance,0.35,17,17,6,162.7358888897135,318.6454444126026,-155.90955552288912,0.8416666666666667,0.19306930693069307,0.626171490504118,0.0020736410006065853,nan
6,0.05,chance,0.5,17,17,6,162.7358888897135,318.6454444126026,-155.90955552288912,0.8416666666666667,0.19306930693069307,0.626171490504118,0.0013681620002898853,nan
6,0.05,chance,0.65,17,17,6,162.7358888897135,318.6454444126026,-155.90955552288912,0.8416666666666667,0.19306930693069307,0.626171490504118,0.0012824109999201028,nan
6,0.05,chance,0.8,17,17,6,162.7358888897135,318.6454444126026,-155.90955552288912,0.8416666666666667,0.19306930693069307,0.626171490504118,0.0012641570010600844,nan
6,0.05,nominal,1.0,18,18,6,178.62884428034653,326.28870241645103,-147.6598581361045,0.8833333333333333,0.27358490566037735,0.6193120456768962,0.0016008219990908401,nan
6,0.05,chance_qubo,0.2,14,14,4,37.6114951931861,90.53028567687154,-52.91879048368544,0.4875,0.08974358974358974,0.6941772374333179,0.0013876899993192637,0.6065510018208236
6,0.05,hard,0.0,13,13,4,26.317120184613742,78.6400405752652,-52.32292039065146,0.6,0.19791666666666666,0.626874381897345,0.0013651700010086643,nan
6,0.05,chance,0.05,7,7,2,8.659004893671504,14.675636287234784,-6.01663139356328,0.5875,0.0,0.7032163430201589,0.0014295789987954777,nan
6,0.05,chance,0.1,8,8,2,8.659004893671504,14.675636287234784,-6.01663139356328,0.5875,0.0,0.7032163430201589,0.0017863260000012815,nan
6,0.05,chance,0.2,9,9,2,16.99519164161562,31.129701793353387,-14.134510151737768,0.9,0.08333333333333333,0.6411374079041761,0.0011005879987351364,nan
6,0.05,chance,0.35,10,10,2,16.99519164161562,31.129701793353387,-14.134510151737768,0.9,0.08333333333333333,0.6411374079041761,0.001602406999154482,nan
6,0.05,chance,0.5,13,13,4,26.317120184613742,78.6400405752652,-52.32292039065146,0.6,0.19791666666666666,0.626874381897345,0.001159453000582289,nan
6,0.05,chance,0.65,13,13,4,26.317120184613742,78.6400405752652,-52.32292039065146,0.6,0.19791666666666666,0.626874381897345,0.0011737229997379472,nan
6,0.05,chance,0.8,13,13,4,26.317120184613742,78.6400405752652,-52.32292039065146,0.6,0.19791666666666666,0.626874381897345,0.0012425130007613916,nan
6,0.05,nominal,1.0,18,18,6,111.42358305260912,252.34715175138663,-140.9235686987775,0.8625,0.6473429951690821,0.5577760739831218,0.001603934000740992,nan
6,0.05,chance_qubo,0.2,9,9,1,-1.275961717731456,-30.767660237997926,29.49169852026647,0.075,0.3333333333333333,0.6382813040688309,0.0013582270003098529,1.0750778069843618
10,0.03,hard,0.0,27,27,9,370.38718701342634,505.83397904411396,-135.44679203068756,0.9333333333333333,0.03869047619047619,0.8091622768908776,0.0013469370005623205,nan
10,0.03,chance,0.05,25,25,9,364.70867166740493,501.7513422072696,-137.04267053986462,0.9,0.009259259259259259,0.8163366391973654,0.0018621409999468597,nan
10,0.03,chance,0.1,25,25,9,364.70867166740493,501.7513422072696,-137.04267053986462,0.9,0.009259259259259259,0.8163366391973654,0.0013255579997348832,nan
10,0.03,chance,0.2,27,27,9,370.38718701342634,505.83397904411396,-135.44679203068756,0.9333333333333333,0.03869047619047619,0.8091622768908776,0.0019103630002064165,nan
10,0.03,chance,0.35,27,27,9,370.38718701342634,505.83397904411396,-135.44679203068756,0.9333333333333333,0.03869047619047619,0.8091622768908776,0.0014613599996664561,nan
10,0.03,chance,0.5,27,27,9,370.38718701342634,505.83397904411396,-135.44679203068756,0.9333333333333333,0.03869047619047619,0.8091622768908776,0.001303733999520773,nan
10,0.03,chance,0.65,27,27,9,370.38718701342634,505.83397904411396,-135.44679203068756,0.9333333333333333,0.03869047619047619,0.8091622768908776,0.0019261380002717488,nan
10,0.03,chance,0.8,28,28,9,398.41451700540404,534.5039674140014,-136.08945040859732,0.9722222222222222,0.09714285714285714,0.7945862361656983,0.0023156860006565694,nan
10,0.03,nominal,1.0,30,30,10,404.0921525351797,550.7442871791845,-146.65213464400478,0.965,0.18393782383419688,0.7709624588922102,0.0024022830002650153,nan
10,0.03,chance_qubo,0.2,27,27,4,87.24535085393501,62.526579738891336,24.718771115043673,0.58125,0.0,0.8649438360810527,0.0020617720001609996,0.7644482479066631
10,0.03,hard,0.0,17,17,5,132.87955258710227,229.8796698804252,-97.00011729332294,0.845,0.029585798816568046,0.6846282953384264,0.0019786269986070693,nan
10,0.03,chance,0.05,15,15,5,131.80441516569047,225.41111753307808,-93.60670236738761,0.805,0.006211180124223602,0.673913043227984,0.001724577999993926,nan
10,0.03,chance,0.1,15,15,5,131.80441516569047,225.41111753307808,-93.60670236738761,0.805,0.006211180124223602,0.673913043227984,0.001861368999016122,nan
10,0.03,chance,0.2,17,17,5,132.87955258710227,229.8796698804252,-97.00011729332294,0.845,0.029585798816568046,0.6846282953384264,0.002473902000929229,nan
10,0.03,chance,0.35,17,17,5,132.87955258710227,229.8796698804252,-97.00011729332294,0.845,0.029585798816568046,0.6846282953384264,0.006160782999359071,nan
10,0.03,chance,0.5,17,17,5,132.87955258710227,229.8796698804252,-97.00011729332294,0.845,0.029585798816568046,0.6846282953384264,0.0019943369989050552,nan
10,0.03,chance,0.65,17,17,5,132.87955258710227,229.8796698804252,-97.00011729332294,0.845,0.029585798816568046,0.6846282953384264,0.002718444999118219,nan
10,0.03,chance,0.8,18,18,5,161.79065172356323,275.622309764783,-113.83165804121975,0.915,0.18032786885245902,0.6526161926730991,0.0020227229997544782,nan
10,0.03,nominal,1.0,30,30,6,199.31327912288336,386.7734973665636,-187.46021824368026,0.8916666666666667,0.45794392523364486,0.5984740296485768,0.0027647390015772544,nan
10,0.03,chance_qubo,0.2,17,17,4,86.3484212797669,172.44243557277673,-86.09401429300983,0.73125,0.042735042735042736,0.7028416020495948,0.0022582059991691494,0.35017525572141217
10,0.03,hard,0.0,26,26,6,137.1646120667103,254.6534664799223,-117.48885441321198,0.9416666666666667,0.08849557522123894,0.654656864750213,0.0025233930009562755,nan
10,0.03,chance,0.05,20,20,4,72.57600570987086,137.6054820841957,-65.02947637432484,0.80625,0.0,0.6853439019450844,0.002025603000220144,nan
10,0.03,chance,0.1,23,23,6,121.6528946065438,232.89761305038888,-111.2447184438451,0.8833333333333333,0.0330188679245283,0.6779257018587914,0.0022568650001630886,nan
10,0.03,chance,0.2,24,24,6,123.78208456669358,242.47277850673885,-118.69069394004528,0.8833333333333333,0.0330188679245283,0.6779257018587914,0.0026095590001204982,nan
10,0.03,chance,0.35,25,25,6,137.1646120667103,254.6534664799223,-117.48885441321198,0.9416666666666667,0.08849557522123894,0.654656864750213,0.001892539999971632,nan
10,0.03,chance,0.5,26,26,6,137.1646120667103,254.6534664799223,-117.48885441321198,0.9416666666666667,0.08849557522123894,0.654656864750213,0.001987577999898349,nan
10,0.03,chance,0.65,26,26,6,137.1646120667103,254.6534664799223,-117.48885441321198,0.9416666666666667,0.08849557522123894,0.654656864750213,0.0026210490013909293,nan
10,0.03,chance,0.8,26,26,6,137.1646120667103,254.6534664799223,-117.48885441321198,0.9416666666666667,0.08849557522123894,0.654656864750213,0.0019355650001671165,nan
10,0.03,nominal,1.0,30,30,7,176.1729523778196,307.0134134285286,-130.84046105070902,0.9214285714285714,0.24031007751937986,0.6643858803731163,0.0035163510001439136,nan
10,0.03,chance_qubo,0.2,24,24,1,-0.9670013582497534,-18.35539628185303,17.388394923603276,0.25,0.0,0.7576929939842114,0.0017229370005225064,1.0078121269457918
10,0.05,hard,0.0,27,27,9,370.38718701342634,505.83397904411396,-135.44679203068756,0.9333333333333333,0.044642857142857144,0.8095615747341967,0.002245593999759876,nan
10,0.05,chance,0.05,24,24,8,358.74995693812275,462.01650578441985,-103.26654884629704,0.959375,0.003257328990228013,0.8290513141546367,0.001339596999969217,nan
10,0.05,chance,0.1,24,24,8,358.74995693812275,462.01650578441985,-103.26654884629704,0.959375,0.003257328990228013,0.8290513141546367,0.0013280180010042386,nan
10,0.05,chance,0.2,25,25,9,364.70867166740493,501.7513422072696,-137.04267053986462,0.9,0.018518518518518517,0.8169267718693929,0.0017526619994896464,nan
10,0.05,chance,0.35,27,27,9,370.38718701342634,505.83397904411396,-135.44679203068756,0.9333333333333333,0.044642857142857144,0.8095615747341967,0.0013221200006228173,nan
10,0.05,chance,0.5,27,27,9,370.38718701342634,505.83397904411396,-135.44679203068756,0.9333333333333333,0.044642857142857144,0.8095615747341967,0.0013543250006478047,nan
10,0.05,chance,0.65,28,28,9,398.41451700540404,534.5039674140014,-136.08945040859732,0.9722222222222222,0.10857142857142857,0.7944099281593828,0.002059438000287628,nan
10,0.05,chance,0.8,28,28,9,398.41451700540404,534.5039674140014,-136.08945040859732,0.9722222222222222,0.10857142857142857,0.7944099281593828,0.0013714300002902746,nan
10,0.05,nominal,1.0,30,30,10,404.0921525351797,550.7442871791845,-146.65213464400478,0.965,0.18911917098445596,0.7702274687621835,0.0013371330005611526,nan
10,0.05,chance_qubo,0.2,25,25,7,188.34645863310075,328.90101095755,-140.55455232444925,0.7071428571428572,0.005050505050505051,0.8681343304349374,0.0012818539998988854,0.4835701115303812
10,0.05,hard,0.0,17,17,5,132.87955258710227,229.8796698804252,-97.00011729332294,0.845,0.08875739644970414,0.685213486989244,0.004342895999798202,nan
10,0.05,chance,0.05,12,12,4,90.05785704752707,157.11501660377832,-67.05715955625125,0.73125,0.008547008547008548,0.7080865316341436,0.001790712000001804,nan
10,0.05,chance,0.1,13,13,4,100.2455491311809,162.41262403281172,-62.167074901630826,0.8125,0.03076923076923077,0.6903804701029278,0.0012093389996152837,nan
10,0.05,chance,0.2,15,15,5,131.80441516569047,225.41111753307808,-93.60670236738761,0.805,0.06832298136645963,0.673191866002396,0.0014676959999633254,nan
10,0.05,chance,0.35,17,17,5,132.87955258710227,229.8796698804252,-97.00011729332294,0.845,0.08875739644970414,0.685213486989244,0.0015279229992302135,nan
10,0.05,chance,0.5,17,17,5,132.87955258710227,229.8796698804252,-97.00011729332294,0.845,0.08875739644970414,0.685213486989244,0.0022759809999115532,nan
10,0.05,chance,0.65,17,17,5,132.87955258710227,229.8796698804252,-97.00011729332294,0.845,0.08875739644970414,0.685213486989244,0.0023797100002411753,nan
10,0.05,chance,0.8,20,20,6,189.21647800013102,326.8750928782084,-137.65861487807743,0.9041666666666667,0.30414746543778803,0.6507411220743776,0.0019254410017310875,nan
10,0.05,nominal,1.0,30,30,6,199.31327912288336,386.7734973665636,-187.46021824368026,0.8916666666666667,0.4719626168224299,0.5972779455208136,0.002742300999670988,nan
10,0.05,chance_qubo,0.2,15,15,3,44.59355246493721,100.50305389255928,-55.90950142762207,0.5666666666666667,0.04411764705882353,0.6699930088523394,0.0013920720011810772,0.6616687505583259
10,0.05,hard,0.0,26,26,6,137.1646120667103,254.6534664799223,-117.48885441321198,0.9416666666666667,0.16371681415929204,0.6530952823017165,0.002003051000428968,nan
10,0.05,chance,0.05,18,18,4,72.57600570987086,137.6054820841957,-65.02947637432484,0.80625,0.007751937984496124,0.683189770534897,0.001972513999135117,nan
10,0.05,chance,0.1,19,19,4,72.57600570987086,137.6054820841957,-65.02947637432484,0.80625,0.007751937984496124,0.683189770534897,0.0019756090005103033,nan
10,0.05,chance,0.2,22,22,5,84.86959280549078,151.0533365721528,-66.18374376666202,0.865,0.07514450867052024,0.6967031932449221,0.0023979140005394584,nan
10,0.05,chance,0.35,24,24,6,123.78208456669358,242.47277850673885,-118.69069394004528,0.8833333333333333,0.07547169811320754,0.6774087824089035,0.0021089500005473383,nan
10,0.05,chance,0.5,26,26,6,137.1646120667103,254.6534664799223,-117.48885441321198,0.9416666666666667,0.16371681415929204,0.6530952823017165,0.0017904070009535644,nan
10,0.05,chance,0.65,26,26,6,137.1646120667103,254.6534664799223,-117.48885441321198,0.9416666666666667,0.16371681415929204,0.6530952823017165,0.0026505549994908506,nan
10,0.05,chance,0.8,29,29,7,176.1729523778196,307.0134134285286,-130.84046105070902,0.9214285714285714,0.24031007751937986,0.6641170213526484,0.0021897810001973994,nan
10,0.05,nominal,1.0,30,30,7,176.1729523778196,307.0134134285286,-130.84046105070902,0.9214285714285714,0.24031007751937986,0.6641170213526484,0.0024448140011372743,nan
10,0.05,chance_qubo,0.2,22,22,1,3.8607048377825195,24.17602543800657,-20.315320600224048,0.475,0.10526315789473684,0.5906912144371098,0.0018065879994537681,0.9545101524567142
