path_length,strategy,n_links,depth,peak_concurrency,fidelity,delivered_fidelity,hold_time,fid_loss
3,linear,3,2,1,0.4133135539073623,0.2922847565601179,2.0,0.12102879734724442
3,balanced,3,2,1,0.4133135539073623,0.2922847565601179,2.0,0.12102879734724442
3,optimal,3,2,1,0.4133135539073623,0.2922847565601179,2.0,0.12102879734724442
3,linear,3,2,1,0.5214599164557926,0.3687630935309276,2.0,0.15269682292486497
3,balanced,3,2,1,0.5214599164557926,0.3687630935309276,2.0,0.15269682292486497
3,optimal,3,2,1,0.5214599164557926,0.3687630935309276,2.0,0.15269682292486497
3,linear,3,2,1,0.4729075498912681,0.33442810376935217,2.0,0.13847944612191593
3,balanced,3,2,1,0.47290754989126804,0.33442810376935217,2.0,0.13847944612191587
3,optimal,3,2,1,0.47290754989126804,0.33442810376935217,2.0,0.13847944612191587
3,linear,3,2,1,0.3939948769319999,0.27862308313221734,2.0,0.11537179379978257
3,balanced,3,2,1,0.39399487693199997,0.2786230831322174,2.0,0.11537179379978257
3,optimal,3,2,1,0.39399487693199997,0.2786230831322174,2.0,0.11537179379978257
3,linear,3,2,1,0.40476390452208016,0.28623866355003563,2.0,0.11852524097204453
3,balanced,3,2,1,0.40476390452208016,0.28623866355003563,2.0,0.11852524097204453
3,optimal,3,2,1,0.40476390452208016,0.28623866355003563,2.0,0.11852524097204453
3,linear,3,2,1,0.4784056279068441,0.33831620368559967,2.0,0.14008942422124443
3,balanced,3,2,1,0.4784056279068441,0.33831620368559967,2.0,0.14008942422124443
3,optimal,3,2,1,0.4784056279068441,0.33831620368559967,2.0,0.14008942422124443
3,linear,3,2,1,0.5006750009151704,0.3540645337535364,2.0,0.14661046716163395
3,balanced,3,2,1,0.5006750009151704,0.3540645337535364,2.0,0.14661046716163395
3,optimal,3,2,1,0.5006750009151704,0.3540645337535364,2.0,0.14661046716163395
3,linear,3,2,1,0.45044866655944776,0.3185457568557436,2.0,0.13190290970370416
3,balanced,3,2,1,0.4504486665594477,0.31854575685574354,2.0,0.13190290970370416
3,optimal,3,2,1,0.4504486665594477,0.31854575685574354,2.0,0.13190290970370416
3,linear,3,2,1,0.4678906334957668,0.3308802690238451,2.0,0.13701036447192172
3,balanced,3,2,1,0.4678906334957668,0.3308802690238451,2.0,0.13701036447192172
3,optimal,3,2,1,0.4678906334957668,0.3308802690238451,2.0,0.13701036447192172
3,linear,3,2,1,0.49767902896145066,0.3519458591422746,2.0,0.14573316981917606
3,balanced,3,2,1,0.4976790289614507,0.35194585914227466,2.0,0.14573316981917606
3,optimal,3,2,1,0.4976790289614507,0.35194585914227466,2.0,0.14573316981917606
3,linear,3,2,1,0.6160202014106655,0.43563370449203137,2.0,0.18038649691863412
3,balanced,3,2,1,0.6160202014106655,0.43563370449203137,2.0,0.18038649691863412
3,optimal,3,2,1,0.6160202014106655,0.43563370449203137,2.0,0.18038649691863412
3,linear,3,2,1,0.5717768974882319,0.40434597343619905,2.0,0.16743092405203286
3,balanced,3,2,1,0.571776897488232,0.40434597343619916,2.0,0.16743092405203286
3,optimal,3,2,1,0.571776897488232,0.40434597343619916,2.0,0.16743092405203286
3,linear,3,2,1,0.6701658011022533,0.47392408542690023,2.0,0.1962417156753531
3,balanced,3,2,1,0.6701658011022533,0.47392408542690023,2.0,0.1962417156753531
3,optimal,3,2,1,0.6701658011022533,0.47392408542690023,2.0,0.1962417156753531
3,linear,3,2,1,0.464330678540699,0.328362760082824,2.0,0.13596791845787498
3,balanced,3,2,1,0.4643306785406989,0.32836276008282395,2.0,0.13596791845787498
3,optimal,3,2,1,0.4643306785406989,0.32836276008282395,2.0,0.13596791845787498
3,linear,3,2,1,0.38030698722871287,0.26894335820685544,2.0,0.11136362902185742
3,balanced,3,2,1,0.3803069872287129,0.2689433582068555,2.0,0.11136362902185742
3,optimal,3,2,1,0.3803069872287129,0.2689433582068555,2.0,0.11136362902185742
3,linear,3,2,1,0.38221501774919475,0.27029266850872213,2.0,0.11192234924047262
3,balanced,3,2,1,0.38221501774919475,0.27029266850872213,2.0,0.11192234924047262
3,optimal,3,2,1,0.38221501774919475,0.27029266850872213,2.0,0.11192234924047262
3,linear,3,2,1,0.48315155357788886,0.34167240073333704,2.0,0.14147915284455181
3,balanced,3,2,1,0.4831515535778889,0.3416724007333371,2.0,0.14147915284455181
3,optimal,3,2,1,0.4831515535778889,0.3416724007333371,2.0,0.14147915284455181
3,linear,3,2,1,0.47620967993712887,0.3367632855398503,2.0,0.13944639439727857
3,balanced,3,2,1,0.4762096799371289,0.33676328553985035,2.0,0.13944639439727857
3,optimal,3,2,1,0.4762096799371289,0.33676328553985035,2.0,0.13944639439727857
3,linear,3,2,1,0.4867270329548128,0.3442008881477715,2.0,0.1425261448070413
3,balanced,3,2,1,0.4867270329548128,0.3442008881477715,2.0,0.1425261448070413
3,optimal,3,2,1,0.4867270329548128,0.3442008881477715,2.0,0.1425261448070413
3,linear,3,2,1,0.4615174075454638,0.32637328690874984,2.0,0.13514412063671394
3,balanced,3,2,1,0.46151740754546383,0.32637328690874984,2.0,0.135144120636714
3,optimal,3,2,1,0.46151740754546383,0.32637328690874984,2.0,0.135144120636714
3,linear,3,2,1,0.637212194233463,0.45062013889438207,2.0,0.1865920553390809
3,balanced,3,2,1,0.6372121942334629,0.450620138894382,2.0,0.18659205533908085
3,optimal,3,2,1,0.6372121942334629,0.450620138894382,2.0,0.18659205533908085
3,linear,3,2,1,0.6702574837109325,0.4739889210189229,2.0,0.1962685626920096
3,balanced,3,2,1,0.6702574837109325,0.4739889210189229,2.0,0.1962685626920096
3,optimal,3,2,1,0.6702574837109325,0.4739889210189229,2.0,0.1962685626920096
3,linear,3,2,1,0.37718845985104404,0.26673801553954896,2.0,0.11045044431149509
3,balanced,3,2,1,0.37718845985104404,0.26673801553954896,2.0,0.11045044431149509
3,optimal,3,2,1,0.37718845985104404,0.26673801553954896,2.0,0.11045044431149509
3,linear,3,2,1,0.4773540578377264,0.337572560273105,2.0,0.13978149756462138
3,balanced,3,2,1,0.47735405783772644,0.337572560273105,2.0,0.13978149756462144
3,optimal,3,2,1,0.47735405783772644,0.337572560273105,2.0,0.13978149756462144
3,linear,3,2,1,0.5612662175612979,0.39691308986709695,2.0,0.16435312769420096
3,balanced,3,2,1,0.5612662175612978,0.3969130898670969,2.0,0.1643531276942009
3,optimal,3,2,1,0.5612662175612978,0.3969130898670969,2.0,0.1643531276942009
3,linear,3,2,1,0.5471186077967161,0.3869082626920482,2.0,0.16021034510466786
3,balanced,3,2,1,0.5471186077967161,0.3869082626920482,2.0,0.16021034510466786
3,optimal,3,2,1,0.5471186077967161,0.3869082626920482,2.0,0.16021034510466786
3,linear,3,2,1,0.4376605593207084,0.30950233503760166,2.0,0.12815822428310675
3,balanced,3,2,1,0.4376605593207084,0.30950233503760166,2.0,0.12815822428310675
3,optimal,3,2,1,0.4376605593207084,0.30950233503760166,2.0,0.12815822428310675
3,linear,3,2,1,0.5394460240150416,0.381482408007117,2.0,0.15796361600792458
3,balanced,3,2,1,0.5394460240150415,0.38148240800711697,2.0,0.15796361600792452
3,optimal,3,2,1,0.5394460240150415,0.38148240800711697,2.0,0.15796361600792452
3,linear,3,2,1,0.5097984553960857,0.36051640702682214,2.0,0.14928204836926356
3,balanced,3,2,1,0.5097984553960857,0.36051640702682214,2.0,0.14928204836926356
3,optimal,3,2,1,0.5097984553960857,0.36051640702682214,2.0,0.14928204836926356
3,linear,3,2,1,0.381433456288306,0.26973996826656205,2.0,0.11169348802174395
3,balanced,3,2,1,0.381433456288306,0.26973996826656205,2.0,0.11169348802174395
3,optimal,3,2,1,0.381433456288306,0.26973996826656205,2.0,0.11169348802174395
3,linear,3,2,1,0.496678398807831,0.3512382391329802,2.0,0.1454401596748508
3,balanced,3,2,1,0.49667839880783093,0.3512382391329802,2.0,0.14544015967485074
3,optimal,3,2,1,0.49667839880783093,0.3512382391329802,2.0,0.14544015967485074
3,linear,3,2,1,0.4092822019650224,0.28943388774651235,2.0,0.11984831421851005
3,balanced,3,2,1,0.4092822019650224,0.28943388774651235,2.0,0.11984831421851005
3,optimal,3,2,1,0.4092822019650224,0.28943388774651235,2.0,0.11984831421851005
3,linear,3,2,1,0.7085771480374973,0.5010876059114725,2.0,0.20748954212602477
3,balanced,3,2,1,0.7085771480374972,0.5010876059114724,2.0,0.20748954212602477
3,optimal,3,2,1,0.7085771480374972,0.5010876059114724,2.0,0.20748954212602477
3,linear,3,2,1,0.49685672939337344,0.35136434995438864,2.0,0.1454923794389848
3,balanced,3,2,1,0.49685672939337344,0.35136434995438864,2.0,0.1454923794389848
3,optimal,3,2,1,0.49685672939337344,0.35136434995438864,2.0,0.1454923794389848
3,linear,3,2,1,0.4995829896447724,0.3532922913595676,2.0,0.1462906982852048
3,balanced,3,2,1,0.49958298964477243,0.35329229135956763,2.0,0.1462906982852048
3,optimal,3,2,1,0.49958298964477243,0.35329229135956763,2.0,0.1462906982852048
3,linear,3,2,1,0.44947605886630143,0.31785795361258284,2.0,0.1316181052537186
3,balanced,3,2,1,0.44947605886630143,0.31785795361258284,2.0,0.1316181052537186
3,optimal,3,2,1,0.44947605886630143,0.31785795361258284,2.0,0.1316181052537186
3,linear,3,2,1,0.6561120846569737,0.46398565720179014,2.0,0.19212642745518355
3,balanced,3,2,1,0.6561120846569736,0.46398565720179,2.0,0.19212642745518355
3,optimal,3,2,1,0.6561120846569736,0.46398565720179,2.0,0.19212642745518355
3,linear,3,2,1,0.4203198207904896,0.2972394090049033,2.0,0.12308041178558626
3,balanced,3,2,1,0.4203198207904896,0.2972394090049033,2.0,0.12308041178558626
3,optimal,3,2,1,0.4203198207904896,0.2972394090049033,2.0,0.12308041178558626
3,linear,3,2,1,0.6040768979936849,0.42718770629343805,2.0,0.17688919170024686
3,balanced,3,2,1,0.604076897993685,0.4271877062934381,2.0,0.17688919170024692
3,optimal,3,2,1,0.604076897993685,0.4271877062934381,2.0,0.17688919170024692
3,linear,3,2,1,0.48172022516778557,0.3406602019512028,2.0,0.14106002321658279
3,balanced,3,2,1,0.4817202251677855,0.3406602019512027,2.0,0.14106002321658279
3,optimal,3,2,1,0.4817202251677855,0.3406602019512027,2.0,0.14106002321658279
4,linear,4,3,1,0.5126892518907047,0.3118524586596109,3.0,0.20083679323109377
4,balanced,4,2,2,0.5126892518907046,0.3625607042479191,2.0,0.1501285476427855
4,optimal,4,2,2,0.5126892518907046,0.3625607042479191,2.0,0.1501285476427855
4,linear,4,3,1,0.34268460663078887,0.20844407548726043,3.0,0.13424053114352844
4,balanced,4,2,2,0.3426846066307889,0.2423377745033484,2.0,0.10034683212744053
4,optimal,4,2,2,0.3426846066307889,0.2423377745033484,2.0,0.10034683212744053
4,linear,4,3,1,0.41931615215845713,0.25505659134469016,3.0,0.16425956081376697
4,balanced,4,2,2,0.4193161521584572,0.29652964026151885,2.0,0.12278651189693834
4,optimal,4,2,2,0.4193161521584572,0.29652964026151885,2.0,0.12278651189693834
4,linear,4,3,1,0.45982059276170667,0.2796941458519735,3.0,0.18012644690973317
4,balanced,4,2,2,0.45982059276170667,0.32517334296471645,2.0,0.13464724979699022
4,optimal,4,2,2,0.45982059276170667,0.32517334296471645,2.0,0.13464724979699022
4,linear,4,3,1,0.38342076495652566,0.2332225764669072,3.0,0.15019818848961847
4,balanced,4,2,2,0.3834207649565256,0.27114534204346596,2.0,0.11227542291305964
4,optimal,4,2,2,0.3834207649565256,0.27114534204346596,2.0,0.11227542291305964
4,linear,4,3,1,0.44264443526072855,0.2692464391226999,3.0,0.17339799613802864
4,balanced,4,2,2,0.4426444352607285,0.31302680441946257,2.0,0.12961763084126593
4,optimal,4,2,2,0.4426444352607285,0.31302680441946257,2.0,0.12961763084126593
4,linear,4,3,1,0.41334906523285825,0.25142700339853924,3.0,0.161922061834319
4,balanced,4,2,2,0.41334906523285825,0.29230986925973684,2.0,0.1210391959731214
4,optimal,4,2,2,0.41334906523285825,0.29230986925973684,2.0,0.1210391959731214
4,linear,4,3,1,0.434481656242385,0.26428128196955525,3.0,0.17020037427282975
4,balanced,4,2,2,0.434481656242385,0.30725429622156947,2.0,0.12722736002081553
4,optimal,4,2,2,0.434481656242385,0.30725429622156947,2.0,0.12722736002081553
4,linear,4,3,1,0.35657710391613445,0.2168944368306665,3.0,0.13968266708546795
4,balanced,4,2,2,0.35657710391613445,0.2521621926688592,2.0,0.10441491124727525
4,optimal,4,2,2,0.35657710391613445,0.2521621926688592,2.0,0.10441491124727525
4,linear,4,3,1,0.36347234232080433,0.2210885896076373,3.0,0.14238375271316703
4,balanced,4,2,2,0.3634723423208044,0.2570383286181406,2.0,0.10643401370266381
4,optimal,4,2,2,0.3634723423208044,0.2570383286181406,2.0,0.10643401370266381
4,linear,4,3,1,0.39550518261100276,0.24057314085482942,3.0,0.15493204175617334
4,balanced,4,2,2,0.39550518261100276,0.2796911326155828,2.0,0.11581404999541994
4,optimal,4,2,2,0.39550518261100276,0.2796911326155828,2.0,0.11581404999541994
4,linear,4,3,1,0.3963594061371675,0.2410927376786305,3.0,0.15526666845853704
4,balanced,4,2,2,0.3963594061371676,0.280295217608762,2.0,0.11606418852840555
4,optimal,4,2,2,0.3963594061371676,0.280295217608762,2.0,0.11606418852840555
4,linear,4,3,1,0.39871072861451223,0.2425229718662157,3.0,0.15618775674829655
4,balanced,4,2,2,0.39871072861451223,0.28195801262573617,2.0,0.11675271598877607
4,optimal,4,2,2,0.39871072861451223,0.28195801262573617,2.0,0.11675271598877607
4,linear,4,3,1,0.45114714151552426,0.2744183631313268,3.0,0.17672877838419748
4,balanced,4,2,2,0.45114714151552426,0.3190397004503103,2.0,0.13210744106521394
4,optimal,4,2,2,0.45114714151552426,0.3190397004503103,2.0,0.13210744106521394
4,linear,4,3,1,0.36661157605114264,0.22299808498617876,3.0,0.14361349106496388
4,balanced,4,2,2,0.3666115760511427,0.25925831428757473,2.0,0.10735326176356796
4,optimal,4,2,2,0.3666115760511427,0.25925831428757473,2.0,0.10735326176356796
4,linear,4,3,1,0.4743047222184516,0.28850437810469276,3.0,0.18580034411375884
4,balanced,4,2,2,0.47430472221845166,0.3354161482446972,2.0,0.13888857397375448
4,optimal,4,2,2,0.47430472221845166,0.3354161482446972,2.0,0.13888857397375448
4,linear,4,3,1,0.4053294275299854,0.24654891452506048,3.0,0.15878051300492493
4,balanced,4,2,2,0.40532942752998535,0.2866385869329784,2.0,0.11869084059700696
4,optimal,4,2,2,0.40532942752998535,0.2866385869329784,2.0,0.11869084059700696
4,linear,4,3,1,0.3614919830217444,0.21988400044536455,3.0,0.14160798257637985
4,balanced,4,2,2,0.36149198302174435,0.255637869257069,2.0,0.10585411376467535
4,optimal,4,2,2,0.36149198302174435,0.255637869257069,2.0,0.10585411376467535
4,linear,4,3,1,0.47966981768969896,0.2917677939213534,3.0,0.18790202376834558
4,balanced,4,2,2,0.4796698176896989,0.339210206312502,2.0,0.14045961137719692
4,optimal,4,2,2,0.4796698176896989,0.339210206312502,2.0,0.14045961137719692
4,linear,4,3,1,0.4626655564845618,0.2814246462057412,3.0,0.1812409102788206
4,balanced,4,2,2,0.4626655564845618,0.3271852284238211,2.0,0.13548032806074073
4,optimal,4,2,2,0.4626655564845618,0.3271852284238211,2.0,0.13548032806074073
4,linear,4,3,1,0.540905649772484,0.32901559016958565,3.0,0.21189005960289836
4,balanced,4,2,2,0.540905649772484,0.3825146179483341,2.0,0.15839103182414993
4,optimal,4,2,2,0.540905649772484,0.3825146179483341,2.0,0.15839103182414993
4,linear,4,3,1,0.3451322162703343,0.20993287807306912,3.0,0.13519933819726518
4,balanced,4,2,2,0.3451322162703343,0.24406866133463065,2.0,0.10106355493570365
4,optimal,4,2,2,0.3451322162703343,0.24406866133463065,2.0,0.10106355493570365
4,linear,4,3,1,0.46980852637415593,0.2857694861141003,3.0,0.18403904026005563
4,balanced,4,2,2,0.4698085263741559,0.332236553732558,2.0,0.13757197264159787
4,optimal,4,2,2,0.4698085263741559,0.332236553732558,2.0,0.13757197264159787
4,linear,4,3,1,0.5376452980726238,0.32703242260766224,3.0,0.2106128754649616
4,balanced,4,2,2,0.5376452980726238,0.3802089807537997,2.0,0.15743631731882413
4,optimal,4,2,2,0.5376452980726238,0.3802089807537997,2.0,0.15743631731882413
4,linear,4,3,1,0.3923991445735147,0.23868383735351978,3.0,0.15371530721999493
4,balanced,4,2,2,0.3923991445735147,0.27749462208968523,2.0,0.11490452248382949
4,optimal,4,2,2,0.3923991445735147,0.27749462208968523,2.0,0.11490452248382949
4,linear,4,3,1,0.5481099098076883,0.3333977109113729,3.0,0.21471219889631538
4,balanced,4,2,2,0.5481099098076883,0.3876092860778419,2.0,0.16050062372984636
4,optimal,4,2,2,0.5481099098076883,0.3876092860778419,2.0,0.16050062372984636
4,linear,4,3,1,0.4158672533266081,0.2529587365985375,3.0,0.1629085167280706
4,balanced,4,2,2,0.4158672533266081,0.29409066736566886,2.0,0.12177658596093927
4,optimal,4,2,2,0.4158672533266081,0.29409066736566886,2.0,0.12177658596093927
4,linear,4,3,1,0.35339557079258643,0.21495921208541097,3.0,0.13843635870717547
4,balanced,4,2,2,0.35339557079258643,0.2499122939522238,2.0,0.10348327684036263
4,optimal,4,2,2,0.35339557079258643,0.2499122939522238,2.0,0.10348327684036263
4,linear,4,3,1,0.3814744183993129,0.23203867616661406,3.0,0.14943574223269884
4,balanced,4,2,2,0.3814744183993129,0.26976893562204957,2.0,0.11170548277726333
4,optimal,4,2,2,0.3814744183993129,0.26976893562204957,2.0,0.11170548277726333
4,linear,4,3,1,0.46636560290625856,0.2836752659905437,3.0,0.18269033691571485
4,balanced,4,2,2,0.46636560290625856,0.32980180646101065,2.0,0.1365637964452479
4,optimal,4,2,2,0.46636560290625856,0.32980180646101065,2.0,0.1365637964452479
4,linear,4,3,1,0.48553633157440135,0.2953362065064785,3.0,0.19020012506792283
4,balanced,4,2,2,0.48553633157440135,0.34335885463636295,2.0,0.1421774769380384
4,optimal,4,2,2,0.48553633157440135,0.34335885463636295,2.0,0.1421774769380384
4,linear,4,3,1,0.3771025270785463,0.22937939463819162,3.0,0.14772313244035468
4,balanced,4,2,2,0.3771025270785463,0.26667724608436755,2.0,0.11042528099417875
4,optimal,4,2,2,0.3771025270785463,0.26667724608436755,2.0,0.11042528099417875
4,linear,4,3,1,0.42823846721045106,0.26048374995127066,3.0,0.1677547172591804
4,balanced,4,2,2,0.42823846721045106,0.3028392728837028,2.0,0.12539919432674823
4,optimal,4,2,2,0.42823846721045106,0.3028392728837028,2.0,0.12539919432674823
4,linear,4,3,1,0.4719327959266809,0.28706161127640406,3.0,0.18487118465027685
4,balanced,4,2,2,0.4719327959266809,0.3337387827380142,2.0,0.1381940131886667
4,optimal,4,2,2,0.4719327959266809,0.3337387827380142,2.0,0.1381940131886667
4,linear,4,3,1,0.36328153368131033,0.22097252682079271,3.0,0.14230900686051762
4,balanced,4,2,2,0.36328153368131033,0.2569033936366553,2.0,0.10637814004465501
4,optimal,4,2,2,0.36328153368131033,0.2569033936366553,2.0,0.10637814004465501
4,linear,4,3,1,0.4493513984608797,0.27332607012021604,3.0,0.17602532834066364
4,balanced,4,2,2,0.4493513984608796,0.3177697969675686,2.0,0.13158160149331105
4,optimal,4,2,2,0.4493513984608796,0.3177697969675686,2.0,0.13158160149331105
4,linear,4,3,1,0.6058825177939007,0.368538938813531,3.0,0.23734357898036967
4,balanced,4,2,2,0.6058825177939006,0.4284645943576133,2.0,0.17741792343628726
4,optimal,4,2,2,0.6058825177939006,0.4284645943576133,2.0,0.17741792343628726
4,linear,4,3,1,0.389996624082559,0.2372224610533114,3.0,0.15277416302924757
4,balanced,4,2,2,0.389996624082559,0.27579562114913764,2.0,0.11420100293342134
4,optimal,4,2,2,0.389996624082559,0.27579562114913764,2.0,0.11420100293342134
4,linear,4,3,1,0.395147848360229,0.24035578586980458,3.0,0.1547920624904244
4,balanced,4,2,2,0.395147848360229,0.27943843498805376,2.0,0.11570941337217522
4,optimal,4,2,2,0.395147848360229,0.27943843498805376,2.0,0.11570941337217522
4,linear,4,3,1,0.3748875328021852,0.22803208453084528,3.0,0.1468554482713399
4,balanced,4,2,2,0.3748875328021851,0.2651108588785093,2.0,0.1097766739236758
4,optimal,4,2,2,0.3748875328021851,0.2651108588785093,2.0,0.1097766739236758
5,linear,5,4,1,0.3555155480786526,0.1889373838716,4.0,0.1665781642070526
5,balanced,5,3,2,0.35551554807865265,0.21624872639944073,3.0,0.13926682167921192
5,optimal,5,3,2,0.3555155480786526,0.2162487263994407,3.0,0.1392668216792119
5,linear,5,4,1,0.36591162463344085,0.19446233915810132,4.0,0.17144928547533952
5,balanced,5,3,2,0.36591162463344085,0.22257232694707885,3.0,0.143339297686362
5,optimal,5,3,2,0.3659116246334409,0.22257232694707887,3.0,0.14333929768636203
5,linear,5,4,1,0.35613514034725896,0.18926666382273075,4.0,0.16686847652452821
5,balanced,5,3,2,0.35613514034725896,0.21662560454076865,3.0,0.1395095358064903
5,optimal,5,3,2,0.356135140347259,0.21662560454076868,3.0,0.13950953580649034
5,linear,5,4,1,0.325178140804368,0.17281468433053102,4.0,0.152363456473837
5,balanced,5,3,2,0.325178140804368,0.19779545277813126,3.0,0.12738268802623676
5,optimal,5,3,2,0.325178140804368,0.19779545277813126,3.0,0.12738268802623676
5,linear,5,4,1,0.41281863907622396,0.21939089331541797,4.0,0.19342774576080599
5,balanced,5,3,2,0.412818639076224,0.2511043621485545,3.0,0.1617142769276695
5,optimal,5,3,2,0.412818639076224,0.2511043621485545,3.0,0.1617142769276695
5,linear,5,4,1,0.4053881320933944,0.21544197868211232,4.0,0.1899461534112821
5,balanced,5,3,2,0.40538813209339447,0.24658462263161066,3.0,0.15880350946178381
5,optimal,5,3,2,0.40538813209339447,0.24658462263161066,3.0,0.15880350946178381
5,linear,5,4,1,0.3435631733356962,0.18258533984091932,4.0,0.16097783349477687
5,balanced,5,3,2,0.34356317333569614,0.20897847948736653,3.0,0.1345846938483296
5,optimal,5,3,2,0.3435631733356962,0.2089784794873666,3.0,0.1345846938483296
5,linear,5,4,1,0.40883486766727567,0.21727373317427373,4.0,0.19156113449300194
5,balanced,5,3,2,0.40883486766727567,0.2486811615371962,3.0,0.16015370613007948
5,optimal,5,3,2,0.4088348676672758,0.24868116153719624,3.0,0.16015370613007954
5,linear,5,4,1,0.4635483971969023,0.24635103003956352,4.0,0.21719736715733876
5,balanced,5,3,2,0.4635483971969021,0.2819616499477405,3.0,0.18158674724916163
5,optimal,5,3,2,0.46354839719690216,0.28196164994774053,3.0,0.18158674724916163
5,linear,5,4,1,0.49909437118655536,0.2652418025221419,4.0,0.23385256866441345
5,balanced,5,3,2,0.4990943711865555,0.30358312795463094,3.0,0.19551124323192454
5,optimal,5,3,2,0.4990943711865554,0.3035831279546309,3.0,0.19551124323192454
5,linear,5,4,1,0.39118899482871816,0.2078959012671573,4.0,0.18329309356156087
5,balanced,5,3,2,0.3911889948287182,0.23794774200556906,3.0,0.15324125282314915
5,optimal,5,3,2,0.3911889948287183,0.2379477420055691,3.0,0.15324125282314918
5,linear,5,4,1,0.3805804092626124,0.20225800887603573,4.0,0.17832240038657665
5,balanced,5,3,2,0.3805804092626124,0.2314948790296231,3.0,0.1490855302329893
5,optimal,5,3,2,0.38058040926261233,0.23149487902962304,3.0,0.1490855302329893
5,linear,5,4,1,0.3093509294458679,0.16440337313972955,4.0,0.14494755630613834
5,balanced,5,3,2,0.30935092944586795,0.18816826680208162,3.0,0.12118266264378633
5,optimal,5,3,2,0.30935092944586795,0.18816826680208162,3.0,0.12118266264378633
5,linear,5,4,1,0.4288876961981793,0.22793073251601986,4.0,0.20095696368215943
5,balanced,5,3,2,0.4288876961981793,0.26087865516004866,3.0,0.16800904103813064
5,optimal,5,3,2,0.4288876961981792,0.2608786551600486,3.0,0.16800904103813058
5,linear,5,4,1,0.46530696566990065,0.2472856145561706,4.0,0.21802135111373006
5,balanced,5,3,2,0.4653069656699006,0.28303133085094534,3.0,0.18227563481895526
5,optimal,5,3,2,0.46530696566990054,0.2830313308509453,3.0,0.18227563481895526
5,linear,5,4,1,0.32725649138643564,0.17391921583095643,4.0,0.1533372755554792
5,balanced,5,3,2,0.32725649138643564,0.19905964690075859,3.0,0.12819684448567706
5,optimal,5,3,2,0.32725649138643564,0.19905964690075859,3.0,0.12819684448567706
5,linear,5,4,1,0.3767545869058512,0.20022479015705014,4.0,0.17652979674880104
5,balanced,5,3,2,0.3767545869058512,0.22916775377011944,3.0,0.14758683313573173
5,optimal,5,3,2,0.3767545869058512,0.22916775377011944,3.0,0.14758683313573173
5,linear,5,4,1,0.3582288262656629,0.19037934522923994,4.0,0.16784948103642294
5,balanced,5,3,2,0.3582288262656629,0.2178991266575429,3.0,0.14032969960811997
5,optimal,5,3,2,0.35822882626566294,0.21789912665754294,3.0,0.14032969960812
5,linear,5,4,1,0.4243267726605784,0.22550684707446927,4.0,0.19881992558610911
5,balanced,5,3,2,0.42432677266057833,0.258104391385815,3.0,0.16622238127476335
5,optimal,5,3,2,0.42432677266057833,0.258104391385815,3.0,0.16622238127476335
5,linear,5,4,1,0.3454714821626334,0.18359950329826785,4.0,0.16187197886436555
5,balanced,5,3,2,0.34547148216263335,0.21013924265407533,3.0,0.13533223950855802
5,optimal,5,3,2,0.34547148216263335,0.21013924265407533,3.0,0.13533223950855802
5,linear,5,4,1,0.34599364789084325,0.18387700628560147,4.0,0.16211664160524178
5,balanced,5,3,2,0.34599364789084325,0.21045685934989938,3.0,0.13553678854094386
5,optimal,5,3,2,0.34599364789084325,0.21045685934989938,3.0,0.13553678854094386
5,linear,5,4,1,0.3620837818916764,0.19242804671320138,4.0,0.16965573517847501
5,balanced,5,3,2,0.3620837818916764,0.22024397275205845,3.0,0.14183980913961794
5,optimal,5,3,2,0.3620837818916765,0.2202439727520585,3.0,0.141839809139618
5,linear,5,4,1,0.3527994320009967,0.18749391432778595,4.0,0.16530551767321078
5,balanced,5,3,2,0.3527994320009967,0.21459659994331118,3.0,0.13820283205768555
5,optimal,5,3,2,0.3527994320009966,0.21459659994331112,3.0,0.1382028320576855
5,linear,5,4,1,0.3669915339956712,0.1950362528752958,4.0,0.1719552811203754
5,balanced,5,3,2,0.3669915339956712,0.22322920123983828,3.0,0.14376233275583292
5,optimal,5,3,2,0.36699153399567125,0.2232292012398383,3.0,0.14376233275583294
5,linear,5,4,1,0.39615503784812967,0.21053508591422046,4.0,0.1856199519339092
5,balanced,5,3,2,0.3961550378481296,0.2409684269910678,3.0,0.1551866108570618
5,optimal,5,3,2,0.3961550378481296,0.2409684269910678,3.0,0.1551866108570618
5,linear,5,4,1,0.31959363161891735,0.16984681819525713,4.0,0.14974681342366022
5,balanced,5,3,2,0.3195936316189173,0.19439857462344498,3.0,0.12519505699547231
5,optimal,5,3,2,0.3195936316189173,0.19439857462344498,3.0,0.12519505699547231
5,linear,5,4,1,0.3798459529349087,0.20186768485821366,4.0,0.17797826807669503
5,balanced,5,3,2,0.37984595293490875,0.23104813275841138,3.0,0.14879782017649737
5,optimal,5,3,2,0.3798459529349087,0.23104813275841135,3.0,0.14879782017649734
5,linear,5,4,1,0.3119672789261258,0.16579382210536633,4.0,0.14617345682075947
5,balanced,5,3,2,0.31196727892612586,0.189759708430948,3.0,0.12220757049517786
5,optimal,5,3,2,0.31196727892612586,0.189759708430948,3.0,0.12220757049517786
5,linear,5,4,1,0.3658629224293336,0.19443645655723468,4.0,0.17142646587209892
5,balanced,5,3,2,0.36586292242933355,0.22254270295547576,3.0,0.14332021947385779
5,optimal,5,3,2,0.3658629224293336,0.2225427029554758,3.0,0.1433202194738578
5,linear,5,4,1,0.35657345094835013,0.1894996023221604,4.0,0.16707384862618974
5,balanced,5,3,2,0.3565734509483501,0.2168922148473096,3.0,0.13968123610104047
5,optimal,5,3,2,0.3565734509483501,0.2168922148473096,3.0,0.13968123610104047
5,linear,5,4,1,0.34148935727189034,0.1814832181929522,4.0,0.16000613907893813
5,balanced,5,3,2,0.3414893572718904,0.20771704356702958,3.0,0.1337723137048608
5,optimal,5,3,2,0.3414893572718904,0.20771704356702958,3.0,0.1337723137048608
5,linear,5,4,1,0.35560887912927774,0.1889869843029578,4.0,0.16662189482631995
5,balanced,5,3,2,0.3556088791292778,0.21630549668962998,3.0,0.13930338243964782
5,optimal,5,3,2,0.35560887912927774,0.21630549668962995,3.0,0.1393033824396478
5,linear,5,4,1,0.5738103605087075,0.30494933045502076,4.0,0.2688610300536867
5,balanced,5,3,2,0.5738103605087074,0.3490304722969802,3.0,0.22477988821172717
5,optimal,5,3,2,0.5738103605087073,0.34903047229698014,3.0,0.22477988821172712
5,linear,5,4,1,0.44623418014276894,0.2371494553358061,4.0,0.20908472480696286
5,balanced,5,3,2,0.44623418014276883,0.27142996601212976,3.0,0.17480421413063907
5,optimal,5,3,2,0.4462341801427689,0.27142996601212976,3.0,0.17480421413063912
5,linear,5,4,1,0.37717703624624693,0.2004492992498986,4.0,0.17672773699634833
5,balanced,5,3,2,0.377177036246247,0.22942471617956284,3.0,0.14775232006668415
5,optimal,5,3,2,0.377177036246247,0.22942471617956284,3.0,0.14775232006668415
5,linear,5,4,1,0.4014162279614269,0.2133311253601172,4.0,0.1880851026013097
5,balanced,5,3,2,0.4014162279614269,0.24416864050492,3.0,0.1572475874565069
5,optimal,5,3,2,0.40141622796142695,0.24416864050492001,3.0,0.15724758745650694
5,linear,5,4,1,0.30944108570229556,0.16445128633880388,4.0,0.14498979936349168
5,balanced,5,3,2,0.30944108570229556,0.18822310596659855,3.0,0.121217979735697
5,optimal,5,3,2,0.30944108570229556,0.18822310596659855,3.0,0.121217979735697
5,linear,5,4,1,0.3215734141094109,0.1708989660588603,4.0,0.15067444805055064
5,balanced,5,3,2,0.3215734141094109,0.19560281293153284,3.0,0.1259706011778781
5,optimal,5,3,2,0.3215734141094109,0.19560281293153284,3.0,0.1259706011778781
5,linear,5,4,1,0.33745902119116766,0.1793413114343578,4.0,0.15811770975680986
5,balanced,5,3,2,0.33745902119116766,0.20526551915655517,3.0,0.1321935020346125
5,optimal,5,3,2,0.33745902119116766,0.20526551915655517,3.0,0.1321935020346125
5,linear,5,4,1,0.5284031671797853,0.28081785051586344,4.0,0.24758531666392186
5,balanced,5,3,2,0.5284031671797852,0.32141073026370004,3.0,0.20699243691608515
5,optimal,5,3,2,0.5284031671797853,0.3214107302637001,3.0,0.2069924369160852
6,linear,6,5,1,0.3423062668188099,0.16144142556040694,5.0,0.18086484125840294
6,balanced,6,3,2,0.34230626681880993,0.20821394349182784,3.0,0.1340923233269821
6,optimal,6,3,3,0.34230626681880993,0.20821394349182784,3.0,0.1340923233269821
6,linear,6,5,1,0.3208705805779842,0.15133174285799741,5.0,0.16953883771998676
6,balanced,6,3,2,0.32087058057798423,0.19517530179492223,3.0,0.125695278783062
6,optimal,6,3,3,0.3208705805779842,0.1951753017949222,3.0,0.12569527878306197
6,linear,6,5,1,0.29201227918789374,0.13772134256072754,5.0,0.1542909366271662
6,balanced,6,3,2,0.29201227918789374,0.17762172093078055,3.0,0.1143905582571132
6,optimal,6,3,3,0.2920122791878937,0.17762172093078052,3.0,0.11439055825711317
6,linear,6,5,1,0.2965697483110979,0.13987077534510325,5.0,0.15669897296599464
6,balanced,6,3,2,0.2965697483110979,0.18039388349532648,3.0,0.11617586481577141
6,optimal,6,3,3,0.2965697483110979,0.18039388349532648,3.0,0.11617586481577141
6,linear,6,5,1,0.2814276658985886,0.13272933620831226,5.0,0.14869832969027633
6,balanced,6,3,2,0.2814276658985886,0.17118343952336249,3.0,0.1102442263752261
6,optimal,6,3,3,0.2814276658985886,0.17118343952336249,3.0,0.1102442263752261
6,linear,6,5,1,0.3470884015344311,0.1636968170637137,5.0,0.1833915844707174
6,balanced,6,3,2,0.34708840153443105,0.21112276294378282,3.0,0.13596563859064822
6,optimal,6,3,3,0.34708840153443105,0.21112276294378282,3.0,0.13596563859064822
6,linear,6,5,1,0.29446470710597666,0.13887797770754773,5.0,0.15558672939842894
6,balanced,6,3,2,0.2944647071059767,0.17911345432117096,3.0,0.11535125278480576
6,optimal,6,3,3,0.29446470710597666,0.17911345432117093,3.0,0.11535125278480574
6,linear,6,5,1,0.40426782866021216,0.19066427025614893,5.0,0.21360355840406323
6,balanced,6,3,2,0.40426782866021216,0.24590317791866945,3.0,0.1583646507415427
6,optimal,6,3,3,0.4042678286602122,0.24590317791866947,3.0,0.15836465074154274
6,linear,6,5,1,0.28262291511261844,0.13329304992236787,5.0,0.14932986519025057
6,balanced,6,3,2,0.2826229151126184,0.17191047135547435,3.0,0.11071244375714404
6,optimal,6,3,3,0.2826229151126184,0.17191047135547435,3.0,0.11071244375714404
6,linear,6,5,1,0.33505281624671296,0.15802049081832956,5.0,0.1770323254283834
6,balanced,6,3,2,0.33505281624671296,0.2038019017212377,3.0,0.13125091452547527
6,optimal,6,3,3,0.3350528162467129,0.20380190172123766,3.0,0.13125091452547524
6,linear,6,5,1,0.31925318374345785,0.1505689322524848,5.0,0.16868425149097305
6,balanced,6,3,2,0.31925318374345785,0.1941914910799224,3.0,0.12506169266353545
6,optimal,6,3,3,0.31925318374345785,0.1941914910799224,3.0,0.12506169266353545
6,linear,6,5,1,0.3575517433901575,0.1686316283396302,5.0,0.1889201150505273
6,balanced,6,3,2,0.35755174339015755,0.2174872788205462,3.0,0.14006446456961136
6,optimal,6,3,3,0.3575517433901576,0.21748727882054622,3.0,0.14006446456961139
6,linear,6,5,1,0.3496398359908133,0.1649001465256318,5.0,0.18473968946518146
6,balanced,6,3,2,0.3496398359908134,0.21267471884181927,3.0,0.13696511714899412
6,optimal,6,3,3,0.34963983599081333,0.21267471884181924,3.0,0.1369651171489941
6,linear,6,5,1,0.32356304709160577,0.1526015870716963,5.0,0.17096146001990947
6,balanced,6,3,2,0.32356304709160577,0.19681304297836827,3.0,0.1267500041132375
6,optimal,6,3,3,0.3235630470916058,0.1968130429783683,3.0,0.12675000411323753
6,linear,6,5,1,0.4192868392223437,0.19774766518838593,5.0,0.2215391740339578
6,balanced,6,3,2,0.41928683922234367,0.2550387612240785,3.0,0.16424807799826519
6,optimal,6,3,3,0.41928683922234367,0.2550387612240785,3.0,0.16424807799826519
6,linear,6,5,1,0.398578693779547,0.18798111153435382,5.0,0.2105975822451932
6,balanced,6,3,2,0.398578693779547,0.24244265930307773,3.0,0.1561360344764693
6,optimal,6,3,3,0.39857869377954697,0.2424426593030777,3.0,0.15613603447646926
6,linear,6,5,1,0.3531695944046884,0.16656488154645305,5.0,0.18660471285823538
6,balanced,6,3,2,0.3531695944046884,0.2148217578830747,3.0,0.13834783652161373
6,optimal,6,3,3,0.3531695944046884,0.2148217578830747,3.0,0.13834783652161373
6,linear,6,5,1,0.3350736504598854,0.1580303168291305,5.0,0.17704333363075492
6,balanced,6,3,2,0.3350736504598855,0.20381457450612278,3.0,0.13125907595376274
6,optimal,6,3,3,0.33507365045988546,0.20381457450612273,3.0,0.13125907595376274
6,linear,6,5,1,0.30238420130954735,0.14261303767540565,5.0,0.1597711636341417
6,balanced,6,3,2,0.30238420130954746,0.18393062911002447,3.0,0.11845357219952299
6,optimal,6,3,3,0.3023842013095474,0.18393062911002445,3.0,0.11845357219952296
6,linear,6,5,1,0.33341244786328106,0.1572468461733554,5.0,0.17616560168992565
6,balanced,6,3,2,0.333412447863281,0.2028041181484512,3.0,0.1306083297148298
6,optimal,6,3,3,0.33341244786328095,0.20280411814845115,3.0,0.1306083297148298
6,linear,6,5,1,0.35534231022581075,0.1675895964684422,5.0,0.18775271375736854
6,balanced,6,3,2,0.35534231022581075,0.21614335135960439,3.0,0.13919895886620637
6,optimal,6,3,3,0.35534231022581075,0.21614335135960439,3.0,0.13919895886620637
6,linear,6,5,1,0.31109674722099717,0.14672212351037076,5.0,0.16437462371062642
6,balanced,6,3,2,0.3110967472209971,0.1892301918639742,3.0,0.12186655535702293
6,optimal,6,3,3,0.3110967472209971,0.1892301918639742,3.0,0.12186655535702293
6,linear,6,5,1,0.34152200183936143,0.16107154376573246,5.0,0.18045045807362897
6,balanced,6,3,2,0.3415220018393615,0.20773690021233704,3.0,0.13378510162702445
6,optimal,6,3,3,0.34152200183936143,0.207736900212337,3.0,0.13378510162702442
6,linear,6,5,1,0.2813906795659805,0.13271189239602688,5.0,0.14867878716995364
6,balanced,6,3,2,0.2813906795659806,0.17116094192131975,3.0,0.11022973764466082
6,optimal,6,3,3,0.2813906795659806,0.17116094192131975,3.0,0.11022973764466082
6,linear,6,5,1,0.3273620813261619,0.1543933202709724,5.0,0.1729687610551895
6,balanced,6,3,2,0.3273620813261619,0.1991238738807312,3.0,0.1282382074454307
6,optimal,6,3,3,0.3273620813261619,0.1991238738807312,3.0,0.1282382074454307
6,linear,6,5,1,0.2983145460854675,0.1406936718775759,5.0,0.1576208742078916
6,balanced,6,3,2,0.2983145460854675,0.18145518812341135,3.0,0.11685935796205613
6,optimal,6,3,3,0.2983145460854675,0.18145518812341135,3.0,0.11685935796205613
6,linear,6,5,1,0.3055524058327083,0.14410725354074586,5.0,0.16144515229196246
6,balanced,6,3,2,0.3055524058327083,0.18585774649436715,3.0,0.11969465933834117
6,optimal,6,3,3,0.3055524058327084,0.18585774649436718,3.0,0.1196946593383412
6,linear,6,5,1,0.3716069509576355,0.1752604662143459,5.0,0.1963464847432896
6,balanced,6,3,2,0.3716069509576355,0.22603661161955632,3.0,0.1455703393380792
6,optimal,6,3,3,0.3716069509576355,0.22603661161955632,3.0,0.1455703393380792
6,linear,6,5,1,0.30856295545784085,0.1455271148471677,5.0,0.16303584061067314
6,balanced,6,3,2,0.3085629554578409,0.1876889674514129,3.0,0.12087398800642801
6,optimal,6,3,3,0.30856295545784085,0.18768896745141286,3.0,0.12087398800642798
6,linear,6,5,1,0.2918964215827329,0.13766670080054882,5.0,0.15422972078218405
6,balanced,6,3,2,0.2918964215827329,0.17755124845863376,3.0,0.11434517312409911
6,optimal,6,3,3,0.2918964215827329,0.17755124845863376,3.0,0.11434517312409911
6,linear,6,5,1,0.3497706580009693,0.16496184592719565,5.0,0.18480881207377364
6,balanced,6,3,2,0.3497706580009693,0.21275429368245316,3.0,0.13701636431851613
6,optimal,6,3,3,0.3497706580009693,0.21275429368245316,3.0,0.13701636431851613
6,linear,6,5,1,0.3507740194638931,0.16543505988974497,5.0,0.18533895957414812
6,balanced,6,3,2,0.3507740194638931,0.2133646063386736,3.0,0.13740941312521948
6,optimal,6,3,3,0.350774019463893,0.21336460633867357,3.0,0.13740941312521945
6,linear,6,5,1,0.4279445292338379,0.20183087941202607,5.0,0.22611364982181184
6,balanced,6,3,2,0.42794452923383786,0.26030495689024546,3.0,0.1676395723435924
6,optimal,6,3,3,0.4279445292338379,0.2603049568902455,3.0,0.1676395723435924
6,linear,6,5,1,0.2774697347433714,0.1308626626767218,5.0,0.14660707206664958
6,balanced,6,3,2,0.2774697347433714,0.1687759567110973,3.0,0.10869377803227409
6,optimal,6,3,3,0.2774697347433714,0.1687759567110973,3.0,0.10869377803227409
6,linear,6,5,1,0.29873937336817213,0.14089403257436997,5.0,0.15784534079380216
6,balanced,6,3,2,0.2987393733681722,0.18171359695903366,3.0,0.11702577640913853
6,optimal,6,3,3,0.2987393733681722,0.18171359695903366,3.0,0.11702577640913853
6,linear,6,5,1,0.4309176541570326,0.20323309015864904,5.0,0.22768456399838355
6,balanced,6,3,2,0.4309176541570326,0.26211341359921914,3.0,0.16880424055781346
6,optimal,6,3,3,0.43091765415703254,0.26211341359921914,3.0,0.1688042405578134
6,linear,6,5,1,0.42222534648659177,0.1991335492569675,5.0,0.22309179722962427
6,balanced,6,3,2,0.42222534648659177,0.25682616111936685,3.0,0.16539918536722492
6,optimal,6,3,3,0.42222534648659177,0.25682616111936685,3.0,0.16539918536722492
6,linear,6,5,1,0.31343320113398887,0.14782406199947598,5.0,0.1656091391345129
6,balanced,6,3,2,0.31343320113398887,0.1906513819798666,3.0,0.12278181915412226
6,optimal,6,3,3,0.31343320113398887,0.1906513819798666,3.0,0.12278181915412226
6,linear,6,5,1,0.3439036950746044,0.1621948184130784,5.0,0.181708876661526
6,balanced,6,3,2,0.34390369507460433,0.20918560795966032,3.0,0.134718087114944
6,optimal,6,3,3,0.34390369507460433,0.20918560795966032,3.0,0.134718087114944
6,linear,6,5,1,0.28078195702557424,0.13242480143620533,5.0,0.1483571555893689
6,balanced,6,3,2,0.2807819570255743,0.1707906754876718,3.0,0.1099912815379025
6,optimal,6,3,3,0.28078195702557424,0.17079067548767174,3.0,0.1099912815379025
7,linear,7,6,1,0.39601500609993867,0.1682806019856328,6.0,0.22773440411430587
7,balanced,7,3,3,0.3960150060999386,0.2408832501616283,3.0,0.15513175593831033
7,optimal,7,3,3,0.3960150060999386,0.2408832501616283,3.0,0.15513175593831033
7,linear,7,6,1,0.2960950573112273,0.12582112728508418,6.0,0.17027393002614313
7,balanced,7,3,3,0.2960950573112273,0.18010514415689233,3.0,0.11598991315433499
7,optimal,7,3,3,0.2960950573112273,0.18010514415689233,3.0,0.11598991315433499
7,linear,7,6,1,0.29577815230015575,0.1256864632819178,6.0,0.17009168901823796
7,balanced,7,3,3,0.2957781523001558,0.1799123809840742,3.0,0.11586577131608161
7,optimal,7,3,3,0.2957781523001558,0.1799123809840742,3.0,0.11586577131608161
7,linear,7,6,1,0.35655002660444474,0.1515105543749208,6.0,0.20503947222952393
7,balanced,7,3,3,0.35655002660444485,0.21687796656882044,3.0,0.1396720600356244
7,optimal,7,3,3,0.35655002660444485,0.21687796656882044,3.0,0.1396720600356244
7,linear,7,6,1,0.32620846740961235,0.13861736657182885,6.0,0.1875911008377835
7,balanced,7,3,3,0.3262084674096124,0.1984221674671616,3.0,0.1277862999424508
7,optimal,7,3,3,0.3262084674096124,0.1984221674671616,3.0,0.1277862999424508
7,linear,7,6,1,0.3103172179525929,0.13186461987349737,6.0,0.17845259807909555
7,balanced,7,3,3,0.3103172179525929,0.18875602916590226,3.0,0.12156118878669067
7,optimal,7,3,3,0.3103172179525929,0.18875602916590226,3.0,0.12156118878669067
7,linear,7,6,1,0.3126323500998646,0.13284840035004036,6.0,0.17978394974982426
7,balanced,7,3,3,0.31263235009986456,0.19016424993430345,3.0,0.12246810016556112
7,optimal,7,3,3,0.31263235009986456,0.19016424993430345,3.0,0.12246810016556112
7,linear,7,6,1,0.29335583096367096,0.1246571343766302,6.0,0.16869869658704076
7,balanced,7,3,3,0.29335583096367096,0.17843896046343596,3.0,0.114916870500235
7,optimal,7,3,3,0.29335583096367096,0.17843896046343596,3.0,0.114916870500235
7,linear,7,6,1,0.3560280825450627,0.1512887621216912,6.0,0.20473932042337148
7,balanced,7,3,3,0.3560280825450627,0.21656048470704778,3.0,0.1394675978380149
7,optimal,7,3,3,0.3560280825450627,0.21656048470704778,3.0,0.1394675978380149
7,linear,7,6,1,0.31736629291413015,0.1348600179258378,6.0,0.18250627498829236
7,balanced,7,3,3,0.3173662929141302,0.1930437557954824,3.0,0.1243225371186478
7,optimal,7,3,3,0.3173662929141302,0.1930437557954824,3.0,0.1243225371186478
7,linear,7,6,1,0.36865486939388115,0.1566543246870835,6.0,0.21200054470679763
7,balanced,7,3,3,0.36865486939388115,0.2242409549124468,3.0,0.14441391448143434
7,optimal,7,3,3,0.36865486939388115,0.2242409549124468,3.0,0.14441391448143434
7,linear,7,6,1,0.3514223077201593,0.1493316075992451,6.0,0.2020907001209142
7,balanced,7,3,3,0.35142230772015925,0.21375893933061987,3.0,0.13766336838953938
7,optimal,7,3,3,0.35142230772015925,0.21375893933061987,3.0,0.13766336838953938
7,linear,7,6,1,0.294623249323506,0.12519570468653118,6.0,0.1694275446369748
7,balanced,7,3,3,0.294623249323506,0.17920989047651362,3.0,0.11541335884699236
7,optimal,7,3,3,0.294623249323506,0.17920989047651362,3.0,0.11541335884699236
7,linear,7,6,1,0.2846397189358233,0.12095335407429926,6.0,0.16368636486152405
7,balanced,7,3,3,0.28463971893582324,0.17313722855504718,3.0,0.11150249038077606
7,optimal,7,3,3,0.28463971893582324,0.17313722855504718,3.0,0.11150249038077606
7,linear,7,6,1,0.41202575057099644,0.17508412628730485,6.0,0.2369416242836916
7,balanced,7,3,3,0.4120257505709964,0.25062207345440635,3.0,0.16140367711659004
7,optimal,7,3,3,0.4120257505709964,0.25062207345440635,3.0,0.16140367711659004
7,linear,7,6,1,0.31758859269789885,0.13495448086501347,6.0,0.1826341118328854
7,balanced,7,3,3,0.3175885926978988,0.19317897363722977,3.0,0.12440961906066902
7,optimal,7,3,3,0.3175885926978988,0.19317897363722977,3.0,0.12440961906066902
7,linear,7,6,1,0.3047891044723932,0.1295155314552213,6.0,0.17527357301717192
7,balanced,7,3,3,0.3047891044723932,0.18539345471326454,3.0,0.11939564975912867
7,optimal,7,3,3,0.3047891044723932,0.18539345471326454,3.0,0.11939564975912867
7,linear,7,6,1,0.41971725689446554,0.17835251585424727,6.0,0.24136474104021827
7,balanced,7,3,3,0.4197172568944655,0.25530057051461214,3.0,0.16441668637985335
7,optimal,7,3,3,0.4197172568944655,0.25530057051461214,3.0,0.16441668637985335
7,linear,7,6,1,0.2911612706267406,0.12372458907177061,6.0,0.16743668155496996
7,balanced,7,3,3,0.2911612706267406,0.17710407966727193,3.0,0.11405719095946865
7,optimal,7,3,3,0.2911612706267406,0.17710407966727193,3.0,0.11405719095946865
7,linear,7,6,1,0.35170106776803184,0.1494500624758103,6.0,0.20225100529222154
7,balanced,7,3,3,0.35170106776803195,0.21392850014349937,3.0,0.13777256762453258
7,optimal,7,3,3,0.35170106776803195,0.21392850014349937,3.0,0.13777256762453258
7,linear,7,6,1,0.3265701838687745,0.13877107252377088,6.0,0.18779911134500363
7,balanced,7,3,3,0.3265701838687745,0.19864218800925673,3.0,0.12792799585951778
7,optimal,7,3,3,0.3265701838687745,0.19864218800925673,3.0,0.12792799585951778
7,linear,7,6,1,0.2808908132929887,0.1193603131828025,6.0,0.16153050011018621
7,balanced,7,3,3,0.28089081329298865,0.17085688927020865,3.0,0.11003392402278
7,optimal,7,3,3,0.28089081329298865,0.17085688927020865,3.0,0.11003392402278
7,linear,7,6,1,0.3044560870094274,0.12937402070871823,6.0,0.17508206630070916
7,balanced,7,3,3,0.30445608700942733,0.1851908908517841,3.0,0.11926519615764322
7,optimal,7,3,3,0.30445608700942733,0.1851908908517841,3.0,0.11926519615764322
7,linear,7,6,1,0.2940170657381114,0.1249381161176822,6.0,0.16907894962042924
7,balanced,7,3,3,0.2940170657381114,0.17884116840791703,3.0,0.1151758973301944
7,optimal,7,3,3,0.2940170657381114,0.17884116840791703,3.0,0.1151758973301944
7,linear,7,6,1,0.29986820019283783,0.12742446742552066,6.0,0.17244373276731717
7,balanced,7,3,3,0.2998682001928379,0.18240022617814583,3.0,0.11746797401469206
7,optimal,7,3,3,0.2998682001928379,0.18240022617814583,3.0,0.11746797401469206
7,linear,7,6,1,0.3086885674922193,0.1311725494325437,6.0,0.1775160180596756
7,balanced,7,3,3,0.3086885674922193,0.18776537323057382,3.0,0.12092319426164547
7,optimal,7,3,3,0.3086885674922193,0.18776537323057382,3.0,0.12092319426164547
7,linear,7,6,1,0.3230105307281602,0.13725845162775502,6.0,0.1857520791004052
7,balanced,7,3,3,0.32301053072816027,0.1964769649627775,3.0,0.12653356576538277
7,optimal,7,3,3,0.32301053072816027,0.1964769649627775,3.0,0.12653356576538277
7,linear,7,6,1,0.33321974207110794,0.1415967019569767,6.0,0.19162304011413123
7,balanced,7,3,3,0.33321974207110794,0.20268690138436748,3.0,0.13053284068674045
7,optimal,7,3,3,0.33321974207110794,0.20268690138436748,3.0,0.13053284068674045
7,linear,7,6,1,0.3875128571936717,0.1646677420836597,6.0,0.22284511511001198
7,balanced,7,3,3,0.38751285719367173,0.2357116651702685,3.0,0.15180119202340323
7,optimal,7,3,3,0.38751285719367173,0.2357116651702685,3.0,0.15180119202340323
7,linear,7,6,1,0.31373016572663576,0.13331490053739856,6.0,0.1804152651892372
7,balanced,7,3,3,0.31373016572663576,0.19083201603453082,3.0,0.12289814969210494
7,optimal,7,3,3,0.31373016572663576,0.19083201603453082,3.0,0.12289814969210494
7,linear,7,6,1,0.30059312972574703,0.12773251529319246,6.0,0.17286061443255457
7,balanced,7,3,3,0.30059312972574703,0.18284117760507543,3.0,0.1177519521206716
7,optimal,7,3,3,0.30059312972574703,0.18284117760507543,3.0,0.1177519521206716
7,linear,7,6,1,0.38577931797852083,0.16393110074886727,6.0,0.22184821722965356
7,balanced,7,3,3,0.3857793179785208,0.2346572087633241,3.0,0.15112210921519667
7,optimal,7,3,3,0.3857793179785208,0.2346572087633241,3.0,0.15112210921519667
7,linear,7,6,1,0.32621831849841604,0.13862155264338819,6.0,0.18759676585502785
7,balanced,7,3,3,0.326218318498416,0.19842815956910745,3.0,0.12779015892930853
7,optimal,7,3,3,0.326218318498416,0.19842815956910745,3.0,0.12779015892930853
7,linear,7,6,1,0.34681817576317137,0.14737515118873298,6.0,0.19944302457443838
7,balanced,7,3,3,0.34681817576317137,0.21095839325815016,3.0,0.1358597825050212
7,optimal,7,3,3,0.34681817576317137,0.21095839325815016,3.0,0.1358597825050212
7,linear,7,6,1,0.3413656682303065,0.1450581903770759,6.0,0.1963074778532306
7,balanced,7,3,3,0.3413656682303065,0.20764180748282277,3.0,0.13372386074748374
7,optimal,7,3,3,0.3413656682303065,0.20764180748282277,3.0,0.13372386074748374
7,linear,7,6,1,0.28345351579273437,0.12044929494542403,6.0,0.16300422084731034
7,balanced,7,3,3,0.28345351579273437,0.17241569915828722,3.0,0.11103781663444715
7,optimal,7,3,3,0.28345351579273437,0.17241569915828722,3.0,0.11103781663444715
7,linear,7,6,1,0.31680079562174035,0.13461971838334877,6.0,0.18218107723839158
7,balanced,7,3,3,0.3168007956217403,0.192699781896387,3.0,0.12410101372535329
7,optimal,7,3,3,0.3168007956217403,0.192699781896387,3.0,0.12410101372535329
7,linear,7,6,1,0.3037101790151288,0.12905705836039047,6.0,0.17465312065473834
7,balanced,7,3,3,0.30371017901512887,0.18473717889839716,3.0,0.1189730001167317
7,optimal,7,3,3,0.30371017901512887,0.18473717889839716,3.0,0.1189730001167317
7,linear,7,6,1,0.29650588150579565,0.12599570082827657,6.0,0.17051018067751908
7,balanced,7,3,3,0.29650588150579565,0.180355035362297,3.0,0.11615084614349866
7,optimal,7,3,3,0.29650588150579565,0.180355035362297,3.0,0.11615084614349866
7,linear,7,6,1,0.323447866472872,0.1374442908541892,6.0,0.1860035756186828
7,balanced,7,3,3,0.32344786647287205,0.19674298229539203,3.0,0.12670488417748002
7,optimal,7,3,3,0.32344786647287205,0.19674298229539203,3.0,0.12670488417748002
8,linear,8,7,1,0.27422122336124244,0.10650615810026676,7.0,0.16771506526097568
8,balanced,8,3,4,0.2742212233612425,0.16679999123539316,3.0,0.10742123212584934
8,optimal,8,3,4,0.2742212233612425,0.16679999123539316,3.0,0.10742123212584934
8,linear,8,7,1,0.2948742892263388,0.11452770607281537,7.0,0.18034658315352342
8,balanced,8,3,4,0.29487428922633874,0.17936259001259977,3.0,0.11551169921373897
8,optimal,8,3,4,0.29487428922633874,0.17936259001259977,3.0,0.11551169921373897
8,linear,8,7,1,0.270438850474211,0.10503710329931998,7.0,0.16540174717489103
8,balanced,8,3,4,0.270438850474211,0.16449929489733206,3.0,0.10593955557687895
8,optimal,8,3,4,0.270438850474211,0.16449929489733206,3.0,0.10593955557687895
8,linear,8,7,1,0.2630282405806611,0.10215885930614049,7.0,0.1608693812745206
8,balanced,8,3,4,0.2630282405806611,0.15999165814281036,3.0,0.10303658243785074
8,optimal,8,3,4,0.2630282405806611,0.15999165814281036,3.0,0.10303658243785074
8,linear,8,7,1,0.26057448814405915,0.10120583407436487,7.0,0.15936865406969428
8,balanced,8,3,4,0.26057448814405915,0.15849911909020808,3.0,0.10207536905385106
8,optimal,8,3,4,0.26057448814405915,0.15849911909020808,3.0,0.10207536905385106
8,linear,8,7,1,0.3018548080533868,0.11723890483672748,7.0,0.18461590321665933
8,balanced,8,3,4,0.3018548080533868,0.1836086161403305,3.0,0.11824619191305633
8,optimal,8,3,4,0.3018548080533868,0.1836086161403305,3.0,0.11824619191305633
8,linear,8,7,1,0.3026902317049154,0.1175633792243032,7.0,0.18512685248061217
8,balanced,8,3,4,0.3026902317049153,0.1841167776022507,3.0,0.11857345410266462
8,optimal,8,3,4,0.3026902317049153,0.1841167776022507,3.0,0.11857345410266462
8,linear,8,7,1,0.28131314017989456,0.10926062328958683,7.0,0.17205251689030773
8,balanced,8,3,4,0.2813131401798945,0.17111377719511434,3.0,0.11019936298478017
8,optimal,8,3,4,0.2813131401798945,0.17111377719511434,3.0,0.11019936298478017
8,linear,8,7,1,0.28408817699467503,0.1103384337745168,7.0,0.17374974322015824
8,balanced,8,3,4,0.28408817699467503,0.17280174324934464,3.0,0.1112864337453304
8,optimal,8,3,4,0.28408817699467503,0.17280174324934464,3.0,0.1112864337453304
8,linear,8,7,1,0.30731564213330453,0.11935986560973395,7.0,0.1879557765235706
8,balanced,8,3,4,0.30731564213330453,0.18693026668766355,3.0,0.12038537544564099
8,optimal,8,3,4,0.30731564213330453,0.18693026668766355,3.0,0.12038537544564099
8,linear,8,7,1,0.2715673971396335,0.10547542520634713,7.0,0.1660919719332864
8,balanced,8,3,4,0.2715673971396335,0.16518575370454563,3.0,0.10638164343508788
8,optimal,8,3,4,0.2715673971396335,0.16518575370454563,3.0,0.10638164343508788
8,linear,8,7,1,0.2709387620424741,0.10523126646391005,7.0,0.165707495578564
8,balanced,8,3,4,0.27093876204247413,0.1648033751001066,3.0,0.10613538694236754
8,optimal,8,3,4,0.27093876204247413,0.1648033751001066,3.0,0.10613538694236754
8,linear,8,7,1,0.2896405047427098,0.11249493023277113,7.0,0.17714557450993867
8,balanced,8,3,4,0.2896405047427098,0.17617904646590934,3.0,0.11346145827680046
8,optimal,8,3,4,0.2896405047427098,0.17617904646590934,3.0,0.11346145827680046
8,linear,8,7,1,0.32735310983991056,0.12714231832192763,7.0,0.20021079151798293
8,balanced,8,3,4,0.3273531098399105,0.19911841681285816,3.0,0.12823469302705234
8,optimal,8,3,4,0.3273531098399105,0.19911841681285816,3.0,0.12823469302705234
8,linear,8,7,1,0.29798354749680206,0.11573532650740252,7.0,0.18224822098939952
8,balanced,8,3,4,0.2979835474968021,0.18125385227853555,3.0,0.11672969521826657
8,optimal,8,3,4,0.2979835474968021,0.18125385227853555,3.0,0.11672969521826657
8,linear,8,7,1,0.35729697073305583,0.13877236483447075,7.0,0.21852460589858508
8,balanced,8,3,4,0.3572969707330558,0.21733230876953882,3.0,0.13996466196351695
8,optimal,8,3,4,0.3572969707330558,0.21733230876953882,3.0,0.13996466196351695
8,linear,8,7,1,0.27220931693765416,0.10572474366046844,7.0,0.16648457327718572
8,balanced,8,3,4,0.27220931693765416,0.1655762129672214,3.0,0.10663310397043277
8,optimal,8,3,4,0.27220931693765416,0.1655762129672214,3.0,0.10663310397043277
8,linear,8,7,1,0.2683476041518249,0.10422487363777681,7.0,0.16412273051404808
8,balanced,8,3,4,0.2683476041518249,0.16322725670871405,3.0,0.10512034744311086
8,optimal,8,3,4,0.2683476041518249,0.16322725670871405,3.0,0.10512034744311086
8,linear,8,7,1,0.27370100101236633,0.10630410632959217,7.0,0.16739689468277416
8,balanced,8,3,4,0.27370100101236633,0.1664835566350023,3.0,0.10721744437736402
8,optimal,8,3,4,0.27370100101236633,0.1664835566350023,3.0,0.10721744437736402
8,linear,8,7,1,0.28183178391180824,0.10946206193329144,7.0,0.1723697219785168
8,balanced,8,3,4,0.28183178391180824,0.17142925157334485,3.0,0.1104025323384634
8,optimal,8,3,4,0.28183178391180824,0.17142925157334485,3.0,0.1104025323384634
8,linear,8,7,1,0.28004067172828556,0.10876640287723699,7.0,0.17127426885104857
8,balanced,8,3,4,0.2800406717282855,0.1703397753728845,3.0,0.109700896355401
8,optimal,8,3,4,0.2800406717282855,0.1703397753728845,3.0,0.109700896355401
8,linear,8,7,1,0.25894620345000186,0.1005734164046754,7.0,0.15837278704532645
8,balanced,8,3,4,0.25894620345000186,0.1575086856388202,3.0,0.10143751781118165
8,optimal,8,3,4,0.25894620345000186,0.1575086856388202,3.0,0.10143751781118165
8,linear,8,7,1,0.29624553695618594,0.11506029186511686,7.0,0.1811852450910691
8,balanced,8,3,4,0.2962455369561859,0.18019667610745593,3.0,0.11604886084872995
8,optimal,8,3,4,0.2962455369561859,0.18019667610745593,3.0,0.11604886084872995
8,linear,8,7,1,0.2885055078098467,0.11205410307397899,7.0,0.17645140473586768
8,balanced,8,3,4,0.2885055078098467,0.17548866416751088,3.0,0.1130168436423358
8,optimal,8,3,4,0.2885055078098467,0.17548866416751088,3.0,0.1130168436423358
8,linear,8,7,1,0.2783809896902581,0.1081217906354432,7.0,0.1702591990548149
8,balanced,8,3,4,0.2783809896902581,0.1693302439223161,3.0,0.10905074576794199
8,optimal,8,3,4,0.2783809896902581,0.1693302439223161,3.0,0.10905074576794199
8,linear,8,7,1,0.2805921399880278,0.10898059040415212,7.0,0.17161154958387567
8,balanced,8,3,4,0.2805921399880278,0.17067521586054665,3.0,0.10991692412748114
8,optimal,8,3,4,0.2805921399880278,0.17067521586054665,3.0,0.10991692412748114
8,linear,8,7,1,0.2904602423081936,0.11281331222261125,7.0,0.17764693008558236
8,balanced,8,3,4,0.29046024230819356,0.17667766658386386,3.0,0.1137825757243297
8,optimal,8,3,4,0.29046024230819356,0.17667766658386386,3.0,0.1137825757243297
8,linear,8,7,1,0.2785599855646174,0.10819131174201596,7.0,0.17036867382260146
8,balanced,8,3,4,0.2785599855646175,0.1694391213823039,3.0,0.10912086418231356
8,optimal,8,3,4,0.2785599855646175,0.1694391213823039,3.0,0.10912086418231356
8,linear,8,7,1,0.3484111065804472,0.13532113943078092,7.0,0.2130899671496663
8,balanced,8,3,4,0.3484111065804472,0.21192732207811307,3.0,0.13648378450233414
8,optimal,8,3,4,0.3484111065804472,0.21192732207811307,3.0,0.13648378450233414
8,linear,8,7,1,0.2744820872915721,0.10660747635224518,7.0,0.1678746109393269
8,balanced,8,3,4,0.2744820872915721,0.1669586664128986,3.0,0.10752342087867348
8,optimal,8,3,4,0.2744820872915721,0.1669586664128986,3.0,0.10752342087867348
8,linear,8,7,1,0.2698564958290387,0.104810919654054,7.0,0.16504557617498472
8,balanced,8,3,4,0.2698564958290387,0.1641450672102115,3.0,0.10571142861882721
8,optimal,8,3,4,0.2698564958290387,0.1641450672102115,3.0,0.10571142861882721
8,linear,8,7,1,0.33529547898529766,0.13022709496146193,7.0,0.20506838402383573
8,balanced,8,3,4,0.33529547898529766,0.2039495056964988,3.0,0.13134597328879885
8,optimal,8,3,4,0.33529547898529766,0.2039495056964988,3.0,0.13134597328879885
8,linear,8,7,1,0.27518797129459777,0.1068816381851813,7.0,0.16830633310941645
8,balanced,8,3,4,0.27518797129459777,0.16738803305372488,3.0,0.10779993824087289
8,optimal,8,3,4,0.27518797129459777,0.16738803305372488,3.0,0.10779993824087289
8,linear,8,7,1,0.2769520764893105,0.10756680786122079,7.0,0.16938526862808967
8,balanced,8,3,4,0.27695207648931053,0.16846108176749555,3.0,0.10849099472181498
8,optimal,8,3,4,0.27695207648931053,0.16846108176749555,3.0,0.10849099472181498
8,linear,8,7,1,0.28057163397048235,0.10897262596901493,7.0,0.17159900800146743
8,balanced,8,3,4,0.2805716339704824,0.1706627427065547,3.0,0.1099088912639277
8,optimal,8,3,4,0.2805716339704824,0.1706627427065547,3.0,0.1099088912639277
8,linear,8,7,1,0.2932555445663804,0.11389899370488034,7.0,0.1793565508615001
8,balanced,8,3,4,0.2932555445663805,0.1783779594585391,3.0,0.11487758510784138
8,optimal,8,3,4,0.2932555445663805,0.1783779594585391,3.0,0.11487758510784138
8,linear,8,7,1,0.2907018737312842,0.11290716066451605,7.0,0.17779471306676814
8,balanced,8,3,4,0.29070187373128414,0.1768246432429265,3.0,0.11387723048835766
8,optimal,8,3,4,0.29070187373128414,0.1768246432429265,3.0,0.11387723048835766
8,linear,8,7,1,0.3517015023926831,0.13659911278490308,7.0,0.21510238960778003
8,balanced,8,3,4,0.35170150239268316,0.21392876451176063,3.0,0.13777273788092254
8,optimal,8,3,4,0.35170150239268316,0.21392876451176063,3.0,0.13777273788092254
8,linear,8,7,1,0.27704022289223795,0.10760104348533146,7.0,0.1694391794069065
8,balanced,8,3,4,0.27704022289223795,0.16851469840247188,3.0,0.10852552448976607
8,optimal,8,3,4,0.27704022289223795,0.16851469840247188,3.0,0.10852552448976607
8,linear,8,7,1,0.27639747429985245,0.10735140313160452,7.0,0.16904607116824794
8,balanced,8,3,4,0.27639747429985245,0.1681237350107171,3.0,0.10827373928913536
8,optimal,8,3,4,0.27639747429985245,0.1681237350107171,3.0,0.10827373928913536
